<?xml version="1.0" encoding="UTF-8"?><?xml-stylesheet type='text/xsl' href='_UpgradeReport_Files/UpgradeReport.xslt'?><UpgradeLog>
<Properties><Property Name="Solution" Value="ImageQuality">
</Property><Property Name="解决方案文件" Value="D:\ImageQuality\makefile\win32\ImageQuality.sln">
</Property><Property Name="Date" Value="2014年9月26日">
</Property><Property Name="Time" Value="13:15">
</Property></Properties><Event ErrorLevel="0" Project="" Source="ImageQuality.sln" Description="文件已成功备份为 D:\ImageQuality\makefile\win32\ImageQuality.sln.old">
</Event><Event ErrorLevel="1" Project="ImageQuality" Source="ImageQuality.vcproj" Description="此应用程序已更新，包含了与 Windows Vista 的用户帐户控制(UAC)功能相关的设置。默认情况下，当运行在启用了 UAC 的 Windows Vista 上时，此应用程序被标记为以与启动它的进程相同的权限运行。此标记还禁止应用程序以虚拟化方式运行。您可以从此项目的属性页中更改与 UAC 相关的设置。">
</Event><Event ErrorLevel="0" Project="ImageQuality" Source="ImageQuality.vcproj" Description="已成功地将项目文件备份为“D:\ImageQuality\makefile\win32\ImageQuality.vcproj.8.00.old”。">
</Event><Event ErrorLevel="0" Project="ImageQuality" Source="ImageQuality.vcproj" Description="项目升级成功。">
</Event><Event ErrorLevel="3" Project="ImageQuality" Source="ImageQuality.vcproj" Description="Converted">
</Event><Event ErrorLevel="0" Project="" Source="ImageQuality.sln" Description="成功转换解决方案">
</Event><Event ErrorLevel="3" Project="" Source="ImageQuality.sln" Description="Converted">
</Event></UpgradeLog>