<?xml version="1.0" encoding="UTF-8"?><?xml-stylesheet type='text/xsl' href='_UpgradeReport_Files/UpgradeReport.xslt'?><UpgradeLog>
<Properties><Property Name="Solution" Value="ImageQuality">
</Property><Property Name="解决方案文件" Value="D:\ImageQuality\makefile\win32\ImageQuality.sln">
</Property><Property Name="用户选项文件" Value="D:\ImageQuality\makefile\win32\ImageQuality.suo">
</Property><Property Name="Date" Value="2015年8月11日">
</Property><Property Name="Time" Value="17:39">
</Property><Property Name="日志号" Value="2">
</Property></Properties><Event ErrorLevel="2" Project="" Source="ImageQuality.sln" Description="创建备份文件 D:\ImageQuality\makefile\win32\ImageQuality.sln.old 时出错">
</Event><Event ErrorLevel="0" Project="" Source="ImageQuality.suo" Description="文件已成功备份为 D:\ImageQuality\makefile\win32\ImageQuality.suo.old">
</Event><Event ErrorLevel="0" Project="ImageQuality" Source="ImageQuality.vcproj" Description="项目升级成功。">
</Event><Event ErrorLevel="3" Project="ImageQuality" Source="ImageQuality.vcproj" Description="Converted">
</Event><Event ErrorLevel="0" Project="" Source="ImageQuality.sln" Description="成功转换解决方案">
</Event><Event ErrorLevel="3" Project="" Source="ImageQuality.sln" Description="Converted">
</Event></UpgradeLog>